{
  "logistic": {
    "threshold": 0.5,
    "ev_per_trade": {
      "baseline_rule5": 169.62948625059244,
      "oracle": 190.91670235789923,
      "model": 157.28525524961722
    },
    "uplift_vs_baseline": {
      "model_minus_baseline": -12.344231000975213,
      "oracle_minus_baseline": 21.28721610730679
    },
    "classification": {
      "accuracy": 0.75,
      "confusion_matrix": [
        [
          48,
          15
        ],
        [
          3,
          6
        ]
      ]
    }
  },
  "decision_tree": {
    "threshold": 0.5,
    "ev_per_trade": {
      "baseline_rule5": 169.62948625059244,
      "oracle": 190.91670235789923,
      "model": 164.79147337310238
    },
    "uplift_vs_baseline": {
      "model_minus_baseline": -4.838012877490058,
      "oracle_minus_baseline": 21.28721610730679
    },
    "classification": {
      "accuracy": 0.7916666666666666,
      "confusion_matrix": [
        [
          51,
          12
        ],
        [
          3,
          6
        ]
      ]
    }
  },
  "threshold": 0.5,
  "n_samples": 239
}