{
  "feats": [
    "_v1_r1",
    "_v1_body_share_1",
    "_v1_wick_imbalance",
    "_v1_tr_1_over_atr_14",
    "_v1_comp3_ratio",
    "_v1_rsi2",
    "_v1_rsi14",
    "_v1_bb_bandwidth_delta_10"
  ],
  "lookback": 24,
  "horizon_bars": 5,
  "scaler": {
    "type": "RobustScaler",
    "center_": [
      1.2033699022140354e-05,
      0.46282973885536194,
      -0.010332776233553886,
      0.9170048832893372,
      0.31803029775619507,
      52.004730224609375,
      51.333587646484375,
      -2.114279595843982e-05
    ],
    "scale_": [
      0.0018061043811030686,
      0.7320884950459003,
      0.8875152468681335,
      0.9775999784469604,
      0.6696260012686253,
      100.0,
      43.34934997558594,
      0.0034635256160981953
    ],
    "quantile_range": [
      10,
      90
    ],
    "with_centering": true,
    "with_scaling": true
  },
  "seq_cfg": {
    "in_features": 8,
    "hidden": 64,
    "depth": 3,
    "kernel": 3,
    "dilations": [
      1,
      2,
      4
    ],
    "dropout": 0.1,
    "head_dropout": 0.1,
    "pool": "avg",
    "attn_heads": 4
  },
  "fold_tag": "2025Q2"
}