{
  "epoch": [
    1,
    2,
    3,
    4,
    5,
    6,
    7,
    8,
    9,
    10,
    11,
    12
  ],
  "train_loss": [
    0.1785300556781157,
    0.1777064971766382,
    0.17616299835016141,
    0.17424817776904916,
    0.17273735465868464,
    0.17113430938630733,
    0.16992968770692934,
    0.16840098376544016,
    0.16689278325944576,
    0.16518684518787097,
    0.16304949488279954,
    0.16044536767140874
  ],
  "val_loss": [
    0.14562831899698023,
    0.14695098234846177,
    0.14956465295868485,
    0.15270417280969906,
    0.1565660362218333,
    0.15852981276001596,
    0.15906015774227,
    0.15819546936693876,
    0.15688907781034353,
    0.15445472577525532,
    0.15185219078068127,
    0.14821371693215052
  ],
  "avg_prob_pos_tr": [
    0.49951827751015715,
    0.4994529187679291,
    0.49931770281971627,
    0.4990013410460274,
    0.4986404815934739,
    0.49782308261349517,
    0.49693561668665903,
    0.4956887049495049,
    0.49432567043124503,
    0.4928003965683703,
    0.49086125391834184,
    0.4884771856496919
  ],
  "avg_prob_pos_val": [
    0.473162508995893,
    0.4746124824969131,
    0.4775183045711495,
    0.480878637597975,
    0.48472947484017254,
    0.48664461951599863,
    0.48717273168692865,
    0.4863895895975705,
    0.4851742680418932,
    0.4828749928826123,
    0.480372811017565,
    0.4768318575951884
  ]
}