{
  "feats": [
    "_v1_r1",
    "_v1_body_share_1",
    "_v1_wick_imbalance",
    "_v1_tr_1_over_atr_14",
    "_v1_comp3_ratio",
    "_v1_rsi2",
    "_v1_rsi14",
    "_v1_bb_bandwidth_delta_10"
  ],
  "lookback": 24,
  "horizon_bars": 5,
  "scaler": {
    "type": "RobustScaler",
    "center_": [
      1.16008613986196e-05,
      0.4789694845676422,
      -0.009518731385469437,
      0.9231141805648804,
      0.32473158836364746,
      52.04468536376953,
      51.528961181640625,
      -1.2079287444066722e-05
    ],
    "scale_": [
      0.0011321319616399708,
      0.733414962887764,
      0.8909066468477249,
      0.9787050604820253,
      0.6691607519984246,
      100.0,
      41.961285781860354,
      0.0020827602944336835
    ],
    "quantile_range": [
      10,
      90
    ],
    "with_centering": true,
    "with_scaling": true
  },
  "seq_cfg": {
    "in_features": 8,
    "hidden": 64,
    "depth": 3,
    "kernel": 3,
    "dilations": [
      1,
      2,
      4
    ],
    "dropout": 0.1,
    "head_dropout": 0.1,
    "pool": "avg",
    "attn_heads": 4
  },
  "fold_tag": "2024Q4"
}