{
  "epoch": [
    1,
    2,
    3,
    4,
    5,
    6,
    7,
    8,
    9,
    10,
    11,
    12
  ],
  "train_loss": [
    0.1738606423139572,
    0.17376366718248887,
    0.1733279439536008,
    0.17260226119648325,
    0.1719848183068362,
    0.17098246108401904,
    0.16999273002147675,
    0.16839042062109166,
    0.166493558883667,
    0.16412817212668332,
    0.16103544451973656,
    0.1567908690734343
  ],
  "val_loss": [
    0.17061507654782074,
    0.17031124244290605,
    0.17057343362147329,
    0.17025245749654405,
    0.169633307084273,
    0.1688135383360542,
    0.16742581899359857,
    0.1658843663220481,
    0.16404069398380564,
    0.16110107141208432,
    0.15729347611388558,
    0.1516007677763364
  ],
  "avg_prob_pos_tr": [
    0.500032864375548,
    0.4999833784320138,
    0.49976116852326824,
    0.4992156315933574,
    0.49869638898155905,
    0.4978077438744632,
    0.4970051667907021,
    0.4956441483714364,
    0.49397544373165475,
    0.49190581820227886,
    0.48905769207260824,
    0.4851913717660037
  ],
  "avg_prob_pos_val": [
    0.4976410438594646,
    0.4974503155217483,
    0.4977139000429795,
    0.49743749843763174,
    0.49689339784144276,
    0.49617889893512424,
    0.49498212041488887,
    0.49362758192198003,
    0.4920121773101944,
    0.48934078135824094,
    0.48582616582950133,
    0.48058317806866047
  ]
}