{
  "epoch": [
    1,
    2,
    3,
    4,
    5,
    6,
    7,
    8,
    9,
    10,
    11,
    12
  ],
  "train_loss": [
    0.17384914805491766,
    0.17369037397481776,
    0.17325932063438274,
    0.17259915007485283,
    0.17190052403344047,
    0.17089332198655163,
    0.16976692113611433,
    0.16820046222872204,
    0.166373240451018,
    0.16407787799835205,
    0.16076312904004697,
    0.1568526918137515
  ],
  "val_loss": [
    0.16401786884824687,
    0.16458764441187254,
    0.16603013232889563,
    0.1666405867017048,
    0.16599584683681753,
    0.16531161060112773,
    0.1648171827120044,
    0.16291334836528193,
    0.16064751337377042,
    0.15798893187458252,
    0.15569695544475662,
    0.15117946389521217
  ],
  "avg_prob_pos_tr": [
    0.49994282369260434,
    0.4999434821031712,
    0.49969450577541635,
    0.499208300753876,
    0.49863381407879015,
    0.4977987204436903,
    0.49682534016944746,
    0.4954856148472539,
    0.49389732215139603,
    0.4918524744334044,
    0.4888851074156938,
    0.4852053545139454
  ],
  "avg_prob_pos_val": [
    0.4919250330351195,
    0.49245087187020414,
    0.4937130890825163,
    0.49423696317253685,
    0.4936926495508515,
    0.49310596806779805,
    0.49265750131683744,
    0.4910268573361111,
    0.4890137964593207,
    0.48663832075222,
    0.4843621493618355,
    0.48012574225030774
  ]
}